,title,artist,id,duration,popularity,features,timestamp,created_at
49,'OK Not To Be OK','Marshmello',0zzVTGyRrWpQu8Fr28NRAv,159862,75,"{""danceability"": 0.743, ""energy"": 0.837, ""key"": 1, ""loudness"": -5.025, ""mode"": 0, ""speechiness"": 0.0649, ""acousticness"": 0.0172, ""instrumentalness"": 0, ""liveness"": 0.0743, ""valence"": 0.263, ""tempo"": 103.072, ""type"": ""audio_features"", ""id"": ""0zzVTGyRrWpQu8Fr28NRAv"", ""uri"": ""spotify:track:0zzVTGyRrWpQu8Fr28NRAv"", ""track_href"": ""https://api.spotify.com/v1/tracks/0zzVTGyRrWpQu8Fr28NRAv"", ""analysis_url"": ""https://api.spotify.com/v1/audio-analysis/0zzVTGyRrWpQu8Fr28NRAv"", ""duration_ms"": 159863, ""time_signature"": 4}",1663362249.514,1663418931.736043
48,'Beautiful Mistakes (feat. Megan Thee Stallion)','Maroon 5',5zFglKYiknIxks8geR8rcL,227395,82,"{""danceability"": 0.713, ""energy"": 0.676, ""key"": 10, ""loudness"": -5.483, ""mode"": 1, ""speechiness"": 0.027, ""acousticness"": 0.0377, ""instrumentalness"": 0, ""liveness"": 0.154, ""valence"": 0.721, ""tempo"": 99.048, ""type"": ""audio_features"", ""id"": ""5zFglKYiknIxks8geR8rcL"", ""uri"": ""spotify:track:5zFglKYiknIxks8geR8rcL"", ""track_href"": ""https://api.spotify.com/v1/tracks/5zFglKYiknIxks8geR8rcL"", ""analysis_url"": ""https://api.spotify.com/v1/audio-analysis/5zFglKYiknIxks8geR8rcL"", ""duration_ms"": 227395, ""time_signature"": 4}",1663363174.326,1663418931.42414
47,'Back To You - From 13 Reasons Why – Season 2 Soundtrack','Selena Gomez',4hQ6UGyWQIGJmHSo0J88JW,207904,73,"{""danceability"": 0.601, ""energy"": 0.724, ""key"": 6, ""loudness"": -4.856, ""mode"": 1, ""speechiness"": 0.0486, ""acousticness"": 0.0945, ""instrumentalness"": 1.68e-06, ""liveness"": 0.12, ""valence"": 0.508, ""tempo"": 102.061, ""type"": ""audio_features"", ""id"": ""4hQ6UGyWQIGJmHSo0J88JW"", ""uri"": ""spotify:track:4hQ6UGyWQIGJmHSo0J88JW"", ""track_href"": ""https://api.spotify.com/v1/tracks/4hQ6UGyWQIGJmHSo0J88JW"", ""analysis_url"": ""https://api.spotify.com/v1/audio-analysis/4hQ6UGyWQIGJmHSo0J88JW"", ""duration_ms"": 207905, ""time_signature"": 4}",1663364260.756,1663418931.121365
46,'Mama','Jonas Blue',7jEyX4bqaCSdMN4D4JNnVj,184133,74,"{""danceability"": 0.738, ""energy"": 0.794, ""key"": 11, ""loudness"": -4.118, ""mode"": 0, ""speechiness"": 0.0416, ""acousticness"": 0.101, ""instrumentalness"": 0, ""liveness"": 0.0533, ""valence"": 0.566, ""tempo"": 104.014, ""type"": ""audio_features"", ""id"": ""7jEyX4bqaCSdMN4D4JNnVj"", ""uri"": ""spotify:track:7jEyX4bqaCSdMN4D4JNnVj"", ""track_href"": ""https://api.spotify.com/v1/tracks/7jEyX4bqaCSdMN4D4JNnVj"", ""analysis_url"": ""https://api.spotify.com/v1/audio-analysis/7jEyX4bqaCSdMN4D4JNnVj"", ""duration_ms"": 184134, ""time_signature"": 4}",1663364445.533,1663418930.814979
45,'Kings & Queens','Ava Max',7a53HqqArd4b9NF4XAmlbI,162398,81,"{""danceability"": 0.637, ""energy"": 0.69, ""key"": 1, ""loudness"": -4.057, ""mode"": 0, ""speechiness"": 0.0405, ""acousticness"": 0.00786, ""instrumentalness"": 0, ""liveness"": 0.124, ""valence"": 0.457, ""tempo"": 129.857, ""type"": ""audio_features"", ""id"": ""7a53HqqArd4b9NF4XAmlbI"", ""uri"": ""spotify:track:7a53HqqArd4b9NF4XAmlbI"", ""track_href"": ""https://api.spotify.com/v1/tracks/7a53HqqArd4b9NF4XAmlbI"", ""analysis_url"": ""https://api.spotify.com/v1/audio-analysis/7a53HqqArd4b9NF4XAmlbI"", ""duration_ms"": 162399, ""time_signature"": 4}",1663364474.744,1663418930.505525
44,'Memories','Maroon 5',4cktbXiXOapiLBMprHFErI,189486,85,"{""danceability"": 0.775, ""energy"": 0.327, ""key"": 11, ""loudness"": -7.241, ""mode"": 1, ""speechiness"": 0.0557, ""acousticness"": 0.841, ""instrumentalness"": 0, ""liveness"": 0.0821, ""valence"": 0.595, ""tempo"": 91.05, ""type"": ""audio_features"", ""id"": ""4cktbXiXOapiLBMprHFErI"", ""uri"": ""spotify:track:4cktbXiXOapiLBMprHFErI"", ""track_href"": ""https://api.spotify.com/v1/tracks/4cktbXiXOapiLBMprHFErI"", ""analysis_url"": ""https://api.spotify.com/v1/audio-analysis/4cktbXiXOapiLBMprHFErI"", ""duration_ms"": 189486, ""time_signature"": 4}",1663379934.363,1663418930.208647
43,'Before You Go','Lewis Capaldi',7ce20yLkzuXXLUhzIDoZih,215106,74,"{""danceability"": 0.459, ""energy"": 0.575, ""key"": 3, ""loudness"": -4.858, ""mode"": 1, ""speechiness"": 0.0573, ""acousticness"": 0.604, ""instrumentalness"": 0, ""liveness"": 0.0885, ""valence"": 0.183, ""tempo"": 111.881, ""type"": ""audio_features"", ""id"": ""7ce20yLkzuXXLUhzIDoZih"", ""uri"": ""spotify:track:7ce20yLkzuXXLUhzIDoZih"", ""track_href"": ""https://api.spotify.com/v1/tracks/7ce20yLkzuXXLUhzIDoZih"", ""analysis_url"": ""https://api.spotify.com/v1/audio-analysis/7ce20yLkzuXXLUhzIDoZih"", ""duration_ms"": 215107, ""time_signature"": 4}",1663380150.247,1663418929.896686
42,'Lover','Taylor Swift',1dGr1c8CrMLDpV6mPbImSI,221306,84,"{""danceability"": 0.359, ""energy"": 0.543, ""key"": 7, ""loudness"": -7.582, ""mode"": 1, ""speechiness"": 0.0919, ""acousticness"": 0.492, ""instrumentalness"": 1.58e-05, ""liveness"": 0.118, ""valence"": 0.453, ""tempo"": 68.534, ""type"": ""audio_features"", ""id"": ""1dGr1c8CrMLDpV6mPbImSI"", ""uri"": ""spotify:track:1dGr1c8CrMLDpV6mPbImSI"", ""track_href"": ""https://api.spotify.com/v1/tracks/1dGr1c8CrMLDpV6mPbImSI"", ""analysis_url"": ""https://api.spotify.com/v1/audio-analysis/1dGr1c8CrMLDpV6mPbImSI"", ""duration_ms"": 221307, ""time_signature"": 4}",1663380372.539,1663418929.590154
41,'Heather','Conan Gray',4xqrdfXkTW4T0RauPLv3WA,198040,86,"{""danceability"": 0.357, ""energy"": 0.425, ""key"": 5, ""loudness"": -7.301, ""mode"": 1, ""speechiness"": 0.0333, ""acousticness"": 0.584, ""instrumentalness"": 0, ""liveness"": 0.322, ""valence"": 0.27, ""tempo"": 102.078, ""type"": ""audio_features"", ""id"": ""4xqrdfXkTW4T0RauPLv3WA"", ""uri"": ""spotify:track:4xqrdfXkTW4T0RauPLv3WA"", ""track_href"": ""https://api.spotify.com/v1/tracks/4xqrdfXkTW4T0RauPLv3WA"", ""analysis_url"": ""https://api.spotify.com/v1/audio-analysis/4xqrdfXkTW4T0RauPLv3WA"", ""duration_ms"": 198040, ""time_signature"": 3}",1663380571.14,1663418929.282132
40,'What Am I','Why Don't We',1HimGOB6BjOaCQYMIF1xtU,184665,66,"{""danceability"": 0.614, ""energy"": 0.647, ""key"": 0, ""loudness"": -4.681, ""mode"": 0, ""speechiness"": 0.0524, ""acousticness"": 0.0687, ""instrumentalness"": 0, ""liveness"": 0.104, ""valence"": 0.368, ""tempo"": 163.862, ""type"": ""audio_features"", ""id"": ""1HimGOB6BjOaCQYMIF1xtU"", ""uri"": ""spotify:track:1HimGOB6BjOaCQYMIF1xtU"", ""track_href"": ""https://api.spotify.com/v1/tracks/1HimGOB6BjOaCQYMIF1xtU"", ""analysis_url"": ""https://api.spotify.com/v1/audio-analysis/1HimGOB6BjOaCQYMIF1xtU"", ""duration_ms"": 184665, ""time_signature"": 4}",1663380755.596,1663418928.974525
39,'Falling Like The Stars','James Arthur',15xWRPHQMeqgdkGzInx3PY,212720,70,"{""danceability"": 0.296, ""energy"": 0.351, ""key"": 6, ""loudness"": -9.538, ""mode"": 1, ""speechiness"": 0.0352, ""acousticness"": 0.823, ""instrumentalness"": 1.45e-06, ""liveness"": 0.11, ""valence"": 0.19, ""tempo"": 177.06, ""type"": ""audio_features"", ""id"": ""15xWRPHQMeqgdkGzInx3PY"", ""uri"": ""spotify:track:15xWRPHQMeqgdkGzInx3PY"", ""track_href"": ""https://api.spotify.com/v1/tracks/15xWRPHQMeqgdkGzInx3PY"", ""analysis_url"": ""https://api.spotify.com/v1/audio-analysis/15xWRPHQMeqgdkGzInx3PY"", ""duration_ms"": 212720, ""time_signature"": 3}",1663380968.854,1663418928.671713
38,'If the World Was Ending (feat. Julia Michaels)','JP Saxe',2kJwzbxV2ppxnQoYw4GLBZ,208687,78,"{""danceability"": 0.464, ""energy"": 0.473, ""key"": 1, ""loudness"": -10.086, ""mode"": 1, ""speechiness"": 0.129, ""acousticness"": 0.866, ""instrumentalness"": 0, ""liveness"": 0.109, ""valence"": 0.604, ""tempo"": 75.801, ""type"": ""audio_features"", ""id"": ""2kJwzbxV2ppxnQoYw4GLBZ"", ""uri"": ""spotify:track:2kJwzbxV2ppxnQoYw4GLBZ"", ""track_href"": ""https://api.spotify.com/v1/tracks/2kJwzbxV2ppxnQoYw4GLBZ"", ""analysis_url"": ""https://api.spotify.com/v1/audio-analysis/2kJwzbxV2ppxnQoYw4GLBZ"", ""duration_ms"": 208687, ""time_signature"": 4}",1663381177.815,1663418928.348996
37,'Happier','Ed Sheeran',2RttW7RAu5nOAfq6YFvApB,207520,80,"{""danceability"": 0.522, ""energy"": 0.385, ""key"": 0, ""loudness"": -7.355, ""mode"": 1, ""speechiness"": 0.0288, ""acousticness"": 0.536, ""instrumentalness"": 0, ""liveness"": 0.135, ""valence"": 0.236, ""tempo"": 89.792, ""type"": ""audio_features"", ""id"": ""2RttW7RAu5nOAfq6YFvApB"", ""uri"": ""spotify:track:2RttW7RAu5nOAfq6YFvApB"", ""track_href"": ""https://api.spotify.com/v1/tracks/2RttW7RAu5nOAfq6YFvApB"", ""analysis_url"": ""https://api.spotify.com/v1/audio-analysis/2RttW7RAu5nOAfq6YFvApB"", ""duration_ms"": 207520, ""time_signature"": 4}",1663381386.638,1663418928.04106
36,'Yellow','Coldplay',3AJwUDP919kvQ9QcozQPxg,266773,89,"{""danceability"": 0.429, ""energy"": 0.661, ""key"": 11, ""loudness"": -7.227, ""mode"": 1, ""speechiness"": 0.0281, ""acousticness"": 0.00239, ""instrumentalness"": 0.000121, ""liveness"": 0.234, ""valence"": 0.285, ""tempo"": 173.372, ""type"": ""audio_features"", ""id"": ""3AJwUDP919kvQ9QcozQPxg"", ""uri"": ""spotify:track:3AJwUDP919kvQ9QcozQPxg"", ""track_href"": ""https://api.spotify.com/v1/tracks/3AJwUDP919kvQ9QcozQPxg"", ""analysis_url"": ""https://api.spotify.com/v1/audio-analysis/3AJwUDP919kvQ9QcozQPxg"", ""duration_ms"": 266773, ""time_signature"": 4}",1663381653.901,1663418927.72871
35,'Just a Song Before I Go',"'Crosby, Stills & Nash'",4dAN7KcWCWx5jV6dpwtfvN,133960,60,"{""danceability"": 0.671, ""energy"": 0.233, ""key"": 11, ""loudness"": -18.003, ""mode"": 0, ""speechiness"": 0.0378, ""acousticness"": 0.875, ""instrumentalness"": 0.00016, ""liveness"": 0.12, ""valence"": 0.486, ""tempo"": 108.065, ""type"": ""audio_features"", ""id"": ""4dAN7KcWCWx5jV6dpwtfvN"", ""uri"": ""spotify:track:4dAN7KcWCWx5jV6dpwtfvN"", ""track_href"": ""https://api.spotify.com/v1/tracks/4dAN7KcWCWx5jV6dpwtfvN"", ""analysis_url"": ""https://api.spotify.com/v1/audio-analysis/4dAN7KcWCWx5jV6dpwtfvN"", ""duration_ms"": 133960, ""time_signature"": 4}",1663381788.09,1663418927.425647
34,'Have It All','Jason Mraz',1pIMxRddmCGalHnRbLFkWg,226098,53,"{""danceability"": 0.643, ""energy"": 0.617, ""key"": 1, ""loudness"": -4.95, ""mode"": 0, ""speechiness"": 0.041, ""acousticness"": 0.194, ""instrumentalness"": 0, ""liveness"": 0.0989, ""valence"": 0.592, ""tempo"": 82.029, ""type"": ""audio_features"", ""id"": ""1pIMxRddmCGalHnRbLFkWg"", ""uri"": ""spotify:track:1pIMxRddmCGalHnRbLFkWg"", ""track_href"": ""https://api.spotify.com/v1/tracks/1pIMxRddmCGalHnRbLFkWg"", ""analysis_url"": ""https://api.spotify.com/v1/audio-analysis/1pIMxRddmCGalHnRbLFkWg"", ""duration_ms"": 226098, ""time_signature"": 4}",1663382014.217,1663418927.098253
33,'The Bones - with Hozier','Maren Morris',1yTTMcUhL7rtz08Dsgb7Qb,197298,70,"{""danceability"": 0.561, ""energy"": 0.597, ""key"": 11, ""loudness"": -6.0, ""mode"": 0, ""speechiness"": 0.0405, ""acousticness"": 0.286, ""instrumentalness"": 0, ""liveness"": 0.0979, ""valence"": 0.355, ""tempo"": 76.826, ""type"": ""audio_features"", ""id"": ""1yTTMcUhL7rtz08Dsgb7Qb"", ""uri"": ""spotify:track:1yTTMcUhL7rtz08Dsgb7Qb"", ""track_href"": ""https://api.spotify.com/v1/tracks/1yTTMcUhL7rtz08Dsgb7Qb"", ""analysis_url"": ""https://api.spotify.com/v1/audio-analysis/1yTTMcUhL7rtz08Dsgb7Qb"", ""duration_ms"": 197299, ""time_signature"": 4}",1663382212.435,1663418926.792
32,'You Are The Reason','Calum Scott',69vToJ9BMbbLlFZo7k7A7B,204326,81,"{""danceability"": 0.329, ""energy"": 0.235, ""key"": 10, ""loudness"": -7.699, ""mode"": 1, ""speechiness"": 0.0303, ""acousticness"": 0.918, ""instrumentalness"": 0, ""liveness"": 0.137, ""valence"": 0.22, ""tempo"": 171.006, ""type"": ""audio_features"", ""id"": ""69vToJ9BMbbLlFZo7k7A7B"", ""uri"": ""spotify:track:69vToJ9BMbbLlFZo7k7A7B"", ""track_href"": ""https://api.spotify.com/v1/tracks/69vToJ9BMbbLlFZo7k7A7B"", ""analysis_url"": ""https://api.spotify.com/v1/audio-analysis/69vToJ9BMbbLlFZo7k7A7B"", ""duration_ms"": 204326, ""time_signature"": 3}",1663382417.554,1663418926.471284
31,'Let's Fall in Love for the Night','FINNEAS',7kQkmyoHCEqwe7QwDbkSXM,190348,71,"{""danceability"": 0.737, ""energy"": 0.408, ""key"": 5, ""loudness"": -7.941, ""mode"": 1, ""speechiness"": 0.104, ""acousticness"": 0.802, ""instrumentalness"": 0, ""liveness"": 0.171, ""valence"": 0.374, ""tempo"": 127.921, ""type"": ""audio_features"", ""id"": ""7kQkmyoHCEqwe7QwDbkSXM"", ""uri"": ""spotify:track:7kQkmyoHCEqwe7QwDbkSXM"", ""track_href"": ""https://api.spotify.com/v1/tracks/7kQkmyoHCEqwe7QwDbkSXM"", ""analysis_url"": ""https://api.spotify.com/v1/audio-analysis/7kQkmyoHCEqwe7QwDbkSXM"", ""duration_ms"": 190348, ""time_signature"": 4}",1663382608.495,1663418926.159382
30,'Be Alright','Dean Lewis',3EPXxR3ImUwfayaurPi3cm,196373,79,"{""danceability"": 0.553, ""energy"": 0.586, ""key"": 11, ""loudness"": -6.319, ""mode"": 1, ""speechiness"": 0.0362, ""acousticness"": 0.697, ""instrumentalness"": 0, ""liveness"": 0.0813, ""valence"": 0.443, ""tempo"": 126.684, ""type"": ""audio_features"", ""id"": ""3EPXxR3ImUwfayaurPi3cm"", ""uri"": ""spotify:track:3EPXxR3ImUwfayaurPi3cm"", ""track_href"": ""https://api.spotify.com/v1/tracks/3EPXxR3ImUwfayaurPi3cm"", ""analysis_url"": ""https://api.spotify.com/v1/audio-analysis/3EPXxR3ImUwfayaurPi3cm"", ""duration_ms"": 196373, ""time_signature"": 4}",1663382805.523,1663418925.847181
29,'Let Me Down Slowly','Alec Benjamin',2qxmye6gAegTMjLKEBoR3d,169353,84,"{""danceability"": 0.652, ""energy"": 0.557, ""key"": 1, ""loudness"": -5.714, ""mode"": 0, ""speechiness"": 0.0318, ""acousticness"": 0.74, ""instrumentalness"": 0, ""liveness"": 0.124, ""valence"": 0.483, ""tempo"": 150.073, ""type"": ""audio_features"", ""id"": ""2qxmye6gAegTMjLKEBoR3d"", ""uri"": ""spotify:track:2qxmye6gAegTMjLKEBoR3d"", ""track_href"": ""https://api.spotify.com/v1/tracks/2qxmye6gAegTMjLKEBoR3d"", ""analysis_url"": ""https://api.spotify.com/v1/audio-analysis/2qxmye6gAegTMjLKEBoR3d"", ""duration_ms"": 169354, ""time_signature"": 4}",1663382974.481,1663418925.541213
28,'Say You Won't Let Go','James Arthur',1Pw5C4N6Fn5E4mGCxmbbVa,211240,68,"{""danceability"": 0.4, ""energy"": 0.564, ""key"": 10, ""loudness"": -7.444, ""mode"": 1, ""speechiness"": 0.0523, ""acousticness"": 0.693, ""instrumentalness"": 0, ""liveness"": 0.0863, ""valence"": 0.483, ""tempo"": 99.269, ""type"": ""audio_features"", ""id"": ""1Pw5C4N6Fn5E4mGCxmbbVa"", ""uri"": ""spotify:track:1Pw5C4N6Fn5E4mGCxmbbVa"", ""track_href"": ""https://api.spotify.com/v1/tracks/1Pw5C4N6Fn5E4mGCxmbbVa"", ""analysis_url"": ""https://api.spotify.com/v1/audio-analysis/1Pw5C4N6Fn5E4mGCxmbbVa"", ""duration_ms"": 211240, ""time_signature"": 4}",1663383186.36,1663418925.222945
27,'Photograph','Ed Sheeran',1HNkqx9Ahdgi1Ixy2xkKkL,258986,84,"{""danceability"": 0.614, ""energy"": 0.379, ""key"": 4, ""loudness"": -10.48, ""mode"": 1, ""speechiness"": 0.0476, ""acousticness"": 0.607, ""instrumentalness"": 0.000464, ""liveness"": 0.0986, ""valence"": 0.201, ""tempo"": 107.989, ""type"": ""audio_features"", ""id"": ""1HNkqx9Ahdgi1Ixy2xkKkL"", ""uri"": ""spotify:track:1HNkqx9Ahdgi1Ixy2xkKkL"", ""track_href"": ""https://api.spotify.com/v1/tracks/1HNkqx9Ahdgi1Ixy2xkKkL"", ""analysis_url"": ""https://api.spotify.com/v1/audio-analysis/1HNkqx9Ahdgi1Ixy2xkKkL"", ""duration_ms"": 258987, ""time_signature"": 4}",1663383446.112,1663418924.91582
26,'Someone You Loved','Lewis Capaldi',7qEHsqek33rTcFNT9PFqLf,182160,87,"{""danceability"": 0.501, ""energy"": 0.405, ""key"": 1, ""loudness"": -5.679, ""mode"": 1, ""speechiness"": 0.0319, ""acousticness"": 0.751, ""instrumentalness"": 0, ""liveness"": 0.105, ""valence"": 0.446, ""tempo"": 109.891, ""type"": ""audio_features"", ""id"": ""7qEHsqek33rTcFNT9PFqLf"", ""uri"": ""spotify:track:7qEHsqek33rTcFNT9PFqLf"", ""track_href"": ""https://api.spotify.com/v1/tracks/7qEHsqek33rTcFNT9PFqLf"", ""analysis_url"": ""https://api.spotify.com/v1/audio-analysis/7qEHsqek33rTcFNT9PFqLf"", ""duration_ms"": 182161, ""time_signature"": 4}",1663383628.279,1663418924.601063
25,'Moral of the Story','Ashe',2FT9WmWskvuRt735aMy0mL,201083,51,"{""danceability"": 0.571, ""energy"": 0.404, ""key"": 0, ""loudness"": -8.592, ""mode"": 0, ""speechiness"": 0.0415, ""acousticness"": 0.594, ""instrumentalness"": 9.12e-06, ""liveness"": 0.104, ""valence"": 0.305, ""tempo"": 119.793, ""type"": ""audio_features"", ""id"": ""2FT9WmWskvuRt735aMy0mL"", ""uri"": ""spotify:track:2FT9WmWskvuRt735aMy0mL"", ""track_href"": ""https://api.spotify.com/v1/tracks/2FT9WmWskvuRt735aMy0mL"", ""analysis_url"": ""https://api.spotify.com/v1/audio-analysis/2FT9WmWskvuRt735aMy0mL"", ""duration_ms"": 201084, ""time_signature"": 4}",1663383830.224,1663418924.300946
24,'Fallin' All In You','Shawn Mendes',5EYBryPOgIEPB7r5QIy6eG,235746,71,"{""danceability"": 0.853, ""energy"": 0.476, ""key"": 8, ""loudness"": -6.696, ""mode"": 1, ""speechiness"": 0.0361, ""acousticness"": 0.405, ""instrumentalness"": 0, ""liveness"": 0.111, ""valence"": 0.796, ""tempo"": 92.038, ""type"": ""audio_features"", ""id"": ""5EYBryPOgIEPB7r5QIy6eG"", ""uri"": ""spotify:track:5EYBryPOgIEPB7r5QIy6eG"", ""track_href"": ""https://api.spotify.com/v1/tracks/5EYBryPOgIEPB7r5QIy6eG"", ""analysis_url"": ""https://api.spotify.com/v1/audio-analysis/5EYBryPOgIEPB7r5QIy6eG"", ""duration_ms"": 235747, ""time_signature"": 4}",1663384066.89,1663418923.979729
23,'See You In Life','Valentina Ploy',4dNZaLSXpJMQowi7LX3gtC,241750,53,"{""danceability"": 0.728, ""energy"": 0.748, ""key"": 9, ""loudness"": -7.06, ""mode"": 1, ""speechiness"": 0.0462, ""acousticness"": 0.286, ""instrumentalness"": 0.000154, ""liveness"": 0.329, ""valence"": 0.497, ""tempo"": 125.023, ""type"": ""audio_features"", ""id"": ""4dNZaLSXpJMQowi7LX3gtC"", ""uri"": ""spotify:track:4dNZaLSXpJMQowi7LX3gtC"", ""track_href"": ""https://api.spotify.com/v1/tracks/4dNZaLSXpJMQowi7LX3gtC"", ""analysis_url"": ""https://api.spotify.com/v1/audio-analysis/4dNZaLSXpJMQowi7LX3gtC"", ""duration_ms"": 241750, ""time_signature"": 4}",1663384308.871,1663418923.668607
22,'Losing Me','Gabrielle Aplin',4P6g8wuXeR3wznFk7WnI4w,180640,63,"{""danceability"": 0.66, ""energy"": 0.449, ""key"": 7, ""loudness"": -6.573, ""mode"": 1, ""speechiness"": 0.0442, ""acousticness"": 0.209, ""instrumentalness"": 0, ""liveness"": 0.111, ""valence"": 0.237, ""tempo"": 133.984, ""type"": ""audio_features"", ""id"": ""4P6g8wuXeR3wznFk7WnI4w"", ""uri"": ""spotify:track:4P6g8wuXeR3wznFk7WnI4w"", ""track_href"": ""https://api.spotify.com/v1/tracks/4P6g8wuXeR3wznFk7WnI4w"", ""analysis_url"": ""https://api.spotify.com/v1/audio-analysis/4P6g8wuXeR3wznFk7WnI4w"", ""duration_ms"": 180640, ""time_signature"": 4}",1663384489.772,1663418923.356163
21,'This Is Why I Need You','Jesse Ruben',5CtFsq9BSDpBgMU6MeQ8ZS,224253,43,"{""danceability"": 0.369, ""energy"": 0.31, ""key"": 3, ""loudness"": -15.304, ""mode"": 1, ""speechiness"": 0.0404, ""acousticness"": 0.819, ""instrumentalness"": 0.00558, ""liveness"": 0.107, ""valence"": 0.344, ""tempo"": 78.562, ""type"": ""audio_features"", ""id"": ""5CtFsq9BSDpBgMU6MeQ8ZS"", ""uri"": ""spotify:track:5CtFsq9BSDpBgMU6MeQ8ZS"", ""track_href"": ""https://api.spotify.com/v1/tracks/5CtFsq9BSDpBgMU6MeQ8ZS"", ""analysis_url"": ""https://api.spotify.com/v1/audio-analysis/5CtFsq9BSDpBgMU6MeQ8ZS"", ""duration_ms"": 224253, ""time_signature"": 4}",1663384714.38,1663418923.047449
20,'Had It All','Parachute',5cXAhazDamL2rcIxThZWOt,216853,44,"{""danceability"": 0.606, ""energy"": 0.54, ""key"": 7, ""loudness"": -6.271, ""mode"": 0, ""speechiness"": 0.0339, ""acousticness"": 0.182, ""instrumentalness"": 0.000144, ""liveness"": 0.144, ""valence"": 0.249, ""tempo"": 79.952, ""type"": ""audio_features"", ""id"": ""5cXAhazDamL2rcIxThZWOt"", ""uri"": ""spotify:track:5cXAhazDamL2rcIxThZWOt"", ""track_href"": ""https://api.spotify.com/v1/tracks/5cXAhazDamL2rcIxThZWOt"", ""analysis_url"": ""https://api.spotify.com/v1/audio-analysis/5cXAhazDamL2rcIxThZWOt"", ""duration_ms"": 216853, ""time_signature"": 4}",1663384931.991,1663418922.739308
19,'Peer Pressure','James Bay',4RE3vueod5PL48rvHtuu9C,176826,67,"{""danceability"": 0.631, ""energy"": 0.715, ""key"": 1, ""loudness"": -6.083, ""mode"": 0, ""speechiness"": 0.0277, ""acousticness"": 0.0299, ""instrumentalness"": 0, ""liveness"": 0.122, ""valence"": 0.42, ""tempo"": 135.826, ""type"": ""audio_features"", ""id"": ""4RE3vueod5PL48rvHtuu9C"", ""uri"": ""spotify:track:4RE3vueod5PL48rvHtuu9C"", ""track_href"": ""https://api.spotify.com/v1/tracks/4RE3vueod5PL48rvHtuu9C"", ""analysis_url"": ""https://api.spotify.com/v1/audio-analysis/4RE3vueod5PL48rvHtuu9C"", ""duration_ms"": 176827, ""time_signature"": 4}",1663385108.921,1663418922.41715
18,'Modern Loneliness','Lauv',1eyek0KJEh2v5HQ9uQSybb,252337,63,"{""danceability"": 0.702, ""energy"": 0.508, ""key"": 8, ""loudness"": -7.105, ""mode"": 1, ""speechiness"": 0.035, ""acousticness"": 0.144, ""instrumentalness"": 0, ""liveness"": 0.108, ""valence"": 0.143, ""tempo"": 82.009, ""type"": ""audio_features"", ""id"": ""1eyek0KJEh2v5HQ9uQSybb"", ""uri"": ""spotify:track:1eyek0KJEh2v5HQ9uQSybb"", ""track_href"": ""https://api.spotify.com/v1/tracks/1eyek0KJEh2v5HQ9uQSybb"", ""analysis_url"": ""https://api.spotify.com/v1/audio-analysis/1eyek0KJEh2v5HQ9uQSybb"", ""duration_ms"": 252337, ""time_signature"": 4}",1663385362.482,1663418922.109396
17,'Love Someone','Lukas Graham',2JqnpexlO9dmvjUMCaLCLJ,205463,66,"{""danceability"": 0.55, ""energy"": 0.415, ""key"": 9, ""loudness"": -6.557, ""mode"": 0, ""speechiness"": 0.052, ""acousticness"": 0.161, ""instrumentalness"": 0, ""liveness"": 0.108, ""valence"": 0.274, ""tempo"": 172.065, ""type"": ""audio_features"", ""id"": ""2JqnpexlO9dmvjUMCaLCLJ"", ""uri"": ""spotify:track:2JqnpexlO9dmvjUMCaLCLJ"", ""track_href"": ""https://api.spotify.com/v1/tracks/2JqnpexlO9dmvjUMCaLCLJ"", ""analysis_url"": ""https://api.spotify.com/v1/audio-analysis/2JqnpexlO9dmvjUMCaLCLJ"", ""duration_ms"": 205463, ""time_signature"": 4}",1663385568.7,1663418921.80194
16,'comethru (with Bea Miller)','Jeremy Zucker',0PgYPBGqF6Wm5KFHQ81nq5,181626,63,"{""danceability"": 0.757, ""energy"": 0.192, ""key"": 0, ""loudness"": -11.842, ""mode"": 1, ""speechiness"": 0.0515, ""acousticness"": 0.572, ""instrumentalness"": 0, ""liveness"": 0.606, ""valence"": 0.595, ""tempo"": 94.024, ""type"": ""audio_features"", ""id"": ""0PgYPBGqF6Wm5KFHQ81nq5"", ""uri"": ""spotify:track:0PgYPBGqF6Wm5KFHQ81nq5"", ""track_href"": ""https://api.spotify.com/v1/tracks/0PgYPBGqF6Wm5KFHQ81nq5"", ""analysis_url"": ""https://api.spotify.com/v1/audio-analysis/0PgYPBGqF6Wm5KFHQ81nq5"", ""duration_ms"": 181627, ""time_signature"": 4}",1663385750.762,1663418921.488282
15,'Somewhere Only We Know','Keane',1SKPmfSYaPsETbRHaiA18G,237146,83,"{""danceability"": 0.448, ""energy"": 0.665, ""key"": 9, ""loudness"": -4.203, ""mode"": 1, ""speechiness"": 0.026, ""acousticness"": 0.06, ""instrumentalness"": 2.55e-05, ""liveness"": 0.0828, ""valence"": 0.304, ""tempo"": 172.004, ""type"": ""audio_features"", ""id"": ""1SKPmfSYaPsETbRHaiA18G"", ""uri"": ""spotify:track:1SKPmfSYaPsETbRHaiA18G"", ""track_href"": ""https://api.spotify.com/v1/tracks/1SKPmfSYaPsETbRHaiA18G"", ""analysis_url"": ""https://api.spotify.com/v1/audio-analysis/1SKPmfSYaPsETbRHaiA18G"", ""duration_ms"": 237147, ""time_signature"": 4}",1663385988.281,1663418921.180945
14,'Missing Peace','JJ Heller',5fTJGZ6k0zokfh5KLfe0sm,238733,52,"{""danceability"": 0.572, ""energy"": 0.317, ""key"": 0, ""loudness"": -9.108, ""mode"": 1, ""speechiness"": 0.0241, ""acousticness"": 0.705, ""instrumentalness"": 0.00385, ""liveness"": 0.528, ""valence"": 0.38, ""tempo"": 78.009, ""type"": ""audio_features"", ""id"": ""5fTJGZ6k0zokfh5KLfe0sm"", ""uri"": ""spotify:track:5fTJGZ6k0zokfh5KLfe0sm"", ""track_href"": ""https://api.spotify.com/v1/tracks/5fTJGZ6k0zokfh5KLfe0sm"", ""analysis_url"": ""https://api.spotify.com/v1/audio-analysis/5fTJGZ6k0zokfh5KLfe0sm"", ""duration_ms"": 238733, ""time_signature"": 4}",1663386226.849,1663418920.874118
13,'Lucky','Jason Mraz',0IktbUcnAGrvD03AWnz3Q8,189613,73,"{""danceability"": 0.625, ""energy"": 0.414, ""key"": 0, ""loudness"": -8.7, ""mode"": 1, ""speechiness"": 0.0369, ""acousticness"": 0.294, ""instrumentalness"": 0, ""liveness"": 0.151, ""valence"": 0.669, ""tempo"": 130.088, ""type"": ""audio_features"", ""id"": ""0IktbUcnAGrvD03AWnz3Q8"", ""uri"": ""spotify:track:0IktbUcnAGrvD03AWnz3Q8"", ""track_href"": ""https://api.spotify.com/v1/tracks/0IktbUcnAGrvD03AWnz3Q8"", ""analysis_url"": ""https://api.spotify.com/v1/audio-analysis/0IktbUcnAGrvD03AWnz3Q8"", ""duration_ms"": 189613, ""time_signature"": 4}",1663386417.761,1663418920.554409
12,'Could I Love You Any More (feat. Jason Mraz)','Reneé Dominique',6TbDpqKCksZNJjriFhPum8,189500,60,"{""danceability"": 0.288, ""energy"": 0.371, ""key"": 11, ""loudness"": -8.001, ""mode"": 1, ""speechiness"": 0.0386, ""acousticness"": 0.666, ""instrumentalness"": 0, ""liveness"": 0.129, ""valence"": 0.197, ""tempo"": 52.572, ""type"": ""audio_features"", ""id"": ""6TbDpqKCksZNJjriFhPum8"", ""uri"": ""spotify:track:6TbDpqKCksZNJjriFhPum8"", ""track_href"": ""https://api.spotify.com/v1/tracks/6TbDpqKCksZNJjriFhPum8"", ""analysis_url"": ""https://api.spotify.com/v1/audio-analysis/6TbDpqKCksZNJjriFhPum8"", ""duration_ms"": 189500, ""time_signature"": 4}",1663386607.623,1663418920.233113
11,'Break My Heart Again','FINNEAS',2is19a6HY7ZdWP654IMhEE,238012,64,"{""danceability"": 0.402, ""energy"": 0.151, ""key"": 4, ""loudness"": -14.227, ""mode"": 0, ""speechiness"": 0.0395, ""acousticness"": 0.907, ""instrumentalness"": 0, ""liveness"": 0.0941, ""valence"": 0.483, ""tempo"": 144.293, ""type"": ""audio_features"", ""id"": ""2is19a6HY7ZdWP654IMhEE"", ""uri"": ""spotify:track:2is19a6HY7ZdWP654IMhEE"", ""track_href"": ""https://api.spotify.com/v1/tracks/2is19a6HY7ZdWP654IMhEE"", ""analysis_url"": ""https://api.spotify.com/v1/audio-analysis/2is19a6HY7ZdWP654IMhEE"", ""duration_ms"": 238013, ""time_signature"": 4}",1663386846.159,1663418919.905119
10,'Older','Conor Matthews',0BCUve4b3KySD9Sk8CMZ2i,200823,63,"{""danceability"": 0.548, ""energy"": 0.654, ""key"": 4, ""loudness"": -4.599, ""mode"": 1, ""speechiness"": 0.0313, ""acousticness"": 0.113, ""instrumentalness"": 0, ""liveness"": 0.241, ""valence"": 0.317, ""tempo"": 85.023, ""type"": ""audio_features"", ""id"": ""0BCUve4b3KySD9Sk8CMZ2i"", ""uri"": ""spotify:track:0BCUve4b3KySD9Sk8CMZ2i"", ""track_href"": ""https://api.spotify.com/v1/tracks/0BCUve4b3KySD9Sk8CMZ2i"", ""analysis_url"": ""https://api.spotify.com/v1/audio-analysis/0BCUve4b3KySD9Sk8CMZ2i"", ""duration_ms"": 200824, ""time_signature"": 4}",1663387046.951,1663418919.592526
9,'Homesick','Dua Lipa',5E5MqaS6eOsbaJibl3YeMZ,230480,66,"{""danceability"": 0.426, ""energy"": 0.224, ""key"": 6, ""loudness"": -8.683, ""mode"": 1, ""speechiness"": 0.0391, ""acousticness"": 0.948, ""instrumentalness"": 0, ""liveness"": 0.112, ""valence"": 0.399, ""tempo"": 85.728, ""type"": ""audio_features"", ""id"": ""5E5MqaS6eOsbaJibl3YeMZ"", ""uri"": ""spotify:track:5E5MqaS6eOsbaJibl3YeMZ"", ""track_href"": ""https://api.spotify.com/v1/tracks/5E5MqaS6eOsbaJibl3YeMZ"", ""analysis_url"": ""https://api.spotify.com/v1/audio-analysis/5E5MqaS6eOsbaJibl3YeMZ"", ""duration_ms"": 230480, ""time_signature"": 5}",1663387278.602,1663418919.282987
8,'Surrender','Natalie Taylor',0ecC8p17cDNlxHXkuYqeR6,183103,74,"{""danceability"": 0.39, ""energy"": 0.448, ""key"": 5, ""loudness"": -8.57, ""mode"": 0, ""speechiness"": 0.0276, ""acousticness"": 0.8, ""instrumentalness"": 0.182, ""liveness"": 0.107, ""valence"": 0.077, ""tempo"": 144.89, ""type"": ""audio_features"", ""id"": ""0ecC8p17cDNlxHXkuYqeR6"", ""uri"": ""spotify:track:0ecC8p17cDNlxHXkuYqeR6"", ""track_href"": ""https://api.spotify.com/v1/tracks/0ecC8p17cDNlxHXkuYqeR6"", ""analysis_url"": ""https://api.spotify.com/v1/audio-analysis/0ecC8p17cDNlxHXkuYqeR6"", ""duration_ms"": 183103, ""time_signature"": 5}",1663387462.248,1663418918.975002
7,'No Matter What','Calum Scott',1LxlsAn1gECKoqLtOslshm,236525,52,"{""danceability"": 0.508, ""energy"": 0.29, ""key"": 10, ""loudness"": -7.846, ""mode"": 1, ""speechiness"": 0.0298, ""acousticness"": 0.901, ""instrumentalness"": 0, ""liveness"": 0.105, ""valence"": 0.287, ""tempo"": 135.114, ""type"": ""audio_features"", ""id"": ""1LxlsAn1gECKoqLtOslshm"", ""uri"": ""spotify:track:1LxlsAn1gECKoqLtOslshm"", ""track_href"": ""https://api.spotify.com/v1/tracks/1LxlsAn1gECKoqLtOslshm"", ""analysis_url"": ""https://api.spotify.com/v1/audio-analysis/1LxlsAn1gECKoqLtOslshm"", ""duration_ms"": 236525, ""time_signature"": 4}",1663387698.778,1663418918.646471
6,'Breathe','James Arthur',5hrbuCjGxws7txUEr8XDgb,199066,55,"{""danceability"": 0.74, ""energy"": 0.452, ""key"": 5, ""loudness"": -8.828, ""mode"": 1, ""speechiness"": 0.0653, ""acousticness"": 0.672, ""instrumentalness"": 0, ""liveness"": 0.118, ""valence"": 0.637, ""tempo"": 115.063, ""type"": ""audio_features"", ""id"": ""5hrbuCjGxws7txUEr8XDgb"", ""uri"": ""spotify:track:5hrbuCjGxws7txUEr8XDgb"", ""track_href"": ""https://api.spotify.com/v1/tracks/5hrbuCjGxws7txUEr8XDgb"", ""analysis_url"": ""https://api.spotify.com/v1/audio-analysis/5hrbuCjGxws7txUEr8XDgb"", ""duration_ms"": 199067, ""time_signature"": 4}",1663387898.202,1663418918.339582
5,'Take Me to Your Heart','Michael Learns To Rock',7rdtBpPpe4knfd7aD98h9X,240640,61,"{""danceability"": 0.65, ""energy"": 0.438, ""key"": 3, ""loudness"": -10.358, ""mode"": 0, ""speechiness"": 0.027, ""acousticness"": 0.236, ""instrumentalness"": 1.65e-06, ""liveness"": 0.0979, ""valence"": 0.393, ""tempo"": 122.009, ""type"": ""audio_features"", ""id"": ""7rdtBpPpe4knfd7aD98h9X"", ""uri"": ""spotify:track:7rdtBpPpe4knfd7aD98h9X"", ""track_href"": ""https://api.spotify.com/v1/tracks/7rdtBpPpe4knfd7aD98h9X"", ""analysis_url"": ""https://api.spotify.com/v1/audio-analysis/7rdtBpPpe4knfd7aD98h9X"", ""duration_ms"": 240640, ""time_signature"": 4}",1663388139.867,1663418918.039164
4,'Julia','Lauv',4Gyo5XZzmZawnpqaRRedKu,218000,57,"{""danceability"": 0.458, ""energy"": 0.13, ""key"": 11, ""loudness"": -14.575, ""mode"": 1, ""speechiness"": 0.0805, ""acousticness"": 0.907, ""instrumentalness"": 0, ""liveness"": 0.164, ""valence"": 0.333, ""tempo"": 162.311, ""type"": ""audio_features"", ""id"": ""4Gyo5XZzmZawnpqaRRedKu"", ""uri"": ""spotify:track:4Gyo5XZzmZawnpqaRRedKu"", ""track_href"": ""https://api.spotify.com/v1/tracks/4Gyo5XZzmZawnpqaRRedKu"", ""analysis_url"": ""https://api.spotify.com/v1/audio-analysis/4Gyo5XZzmZawnpqaRRedKu"", ""duration_ms"": 218000, ""time_signature"": 3}",1663388358.23,1663418917.715159
3,'Lost Stars','Adam Levine',1Duym1lVQurgKHHSqpOWhY,267786,63,"{""danceability"": 0.494, ""energy"": 0.582, ""key"": 0, ""loudness"": -4.769, ""mode"": 1, ""speechiness"": 0.0266, ""acousticness"": 0.102, ""instrumentalness"": 0, ""liveness"": 0.0797, ""valence"": 0.416, ""tempo"": 82.025, ""type"": ""audio_features"", ""id"": ""1Duym1lVQurgKHHSqpOWhY"", ""uri"": ""spotify:track:1Duym1lVQurgKHHSqpOWhY"", ""track_href"": ""https://api.spotify.com/v1/tracks/1Duym1lVQurgKHHSqpOWhY"", ""analysis_url"": ""https://api.spotify.com/v1/audio-analysis/1Duym1lVQurgKHHSqpOWhY"", ""duration_ms"": 267787, ""time_signature"": 4}",1663388625.945,1663418917.408139
2,'Hello My Love','Westlife',4EtIza2cKMmR2XP7idebXG,214211,55,"{""danceability"": 0.679, ""energy"": 0.717, ""key"": 0, ""loudness"": -4.548, ""mode"": 1, ""speechiness"": 0.0384, ""acousticness"": 0.0971, ""instrumentalness"": 0, ""liveness"": 0.124, ""valence"": 0.255, ""tempo"": 121.96, ""type"": ""audio_features"", ""id"": ""4EtIza2cKMmR2XP7idebXG"", ""uri"": ""spotify:track:4EtIza2cKMmR2XP7idebXG"", ""track_href"": ""https://api.spotify.com/v1/tracks/4EtIza2cKMmR2XP7idebXG"", ""analysis_url"": ""https://api.spotify.com/v1/audio-analysis/4EtIza2cKMmR2XP7idebXG"", ""duration_ms"": 214212, ""time_signature"": 4}",1663388841.355,1663418917.108141
1,'New Light','John Mayer',4T6FWA703h6H7zk1FoSARw,217426,76,"{""danceability"": 0.826, ""energy"": 0.694, ""key"": 7, ""loudness"": -7.862, ""mode"": 1, ""speechiness"": 0.0315, ""acousticness"": 0.316, ""instrumentalness"": 0.0285, ""liveness"": 0.074, ""valence"": 0.852, ""tempo"": 123.932, ""type"": ""audio_features"", ""id"": ""4T6FWA703h6H7zk1FoSARw"", ""uri"": ""spotify:track:4T6FWA703h6H7zk1FoSARw"", ""track_href"": ""https://api.spotify.com/v1/tracks/4T6FWA703h6H7zk1FoSARw"", ""analysis_url"": ""https://api.spotify.com/v1/audio-analysis/4T6FWA703h6H7zk1FoSARw"", ""duration_ms"": 217427, ""time_signature"": 4}",1663389058.565,1663418916.80463
0,'Empty Space','James Arthur',1uru26I2JKd2mQZt0MDCUe,214226,62,"{""danceability"": 0.404, ""energy"": 0.531, ""key"": 1, ""loudness"": -4.328, ""mode"": 1, ""speechiness"": 0.103, ""acousticness"": 0.215, ""instrumentalness"": 0, ""liveness"": 0.0521, ""valence"": 0.321, ""tempo"": 164.848, ""type"": ""audio_features"", ""id"": ""1uru26I2JKd2mQZt0MDCUe"", ""uri"": ""spotify:track:1uru26I2JKd2mQZt0MDCUe"", ""track_href"": ""https://api.spotify.com/v1/tracks/1uru26I2JKd2mQZt0MDCUe"", ""analysis_url"": ""https://api.spotify.com/v1/audio-analysis/1uru26I2JKd2mQZt0MDCUe"", ""duration_ms"": 214227, ""time_signature"": 4}",1663389273.356,1663418916.49163
1,'The One That Got Away - Acoustic','Katy Perry',5jx8tCxiO0uIbo2uNia23K,259040,67,"{""danceability"": 0.714, ""energy"": 0.434, ""key"": 4, ""loudness"": -11.542, ""mode"": 1, ""speechiness"": 0.0396, ""acousticness"": 0.697, ""instrumentalness"": 0, ""liveness"": 0.0919, ""valence"": 0.352, ""tempo"": 123.942, ""type"": ""audio_features"", ""id"": ""5jx8tCxiO0uIbo2uNia23K"", ""uri"": ""spotify:track:5jx8tCxiO0uIbo2uNia23K"", ""track_href"": ""https://api.spotify.com/v1/tracks/5jx8tCxiO0uIbo2uNia23K"", ""analysis_url"": ""https://api.spotify.com/v1/audio-analysis/5jx8tCxiO0uIbo2uNia23K"", ""duration_ms"": 259040, ""time_signature"": 4}",1663395105.316,1663424606.443345
0,'Kings & Queens','Ava Max',7a53HqqArd4b9NF4XAmlbI,162398,81,"{""danceability"": 0.637, ""energy"": 0.69, ""key"": 1, ""loudness"": -4.057, ""mode"": 0, ""speechiness"": 0.0405, ""acousticness"": 0.00786, ""instrumentalness"": 0, ""liveness"": 0.124, ""valence"": 0.457, ""tempo"": 129.857, ""type"": ""audio_features"", ""id"": ""7a53HqqArd4b9NF4XAmlbI"", ""uri"": ""spotify:track:7a53HqqArd4b9NF4XAmlbI"", ""track_href"": ""https://api.spotify.com/v1/tracks/7a53HqqArd4b9NF4XAmlbI"", ""analysis_url"": ""https://api.spotify.com/v1/audio-analysis/7a53HqqArd4b9NF4XAmlbI"", ""duration_ms"": 162399, ""time_signature"": 4}",1663395238.062,1663424606.11336
